[
  {
    "bookSourceComment": "//20250223\n请勿要乱改源注释、源URL、源名称",
    "bookSourceGroup": "",
    "bookSourceName": "NiceCat",
    "bookSourceType": 2,
    "bookSourceUrl": "https://web.nicecat.cc",
    "customOrder": 46,
    "enabled": true,
    "enabledCookieJar": true,
    "enabledExplore": true,
    "header": "",
    "jsLib": "tag = {\n\t\"1\": \"同人志\",\n\t\"2\": \"漫画\",\n\t\"3\": \"画师CG\",\n\t\"4\": \"游戏CG\",\n\t\"5\": \"无H\",\n\t\"6\": \"图集\",\n\t\"7\": \"西方\",\n\t\"8\": \"Cosplay\",\n\t\"9\": \"杂项\",\n\t\"10\": \"亚洲色情\"\n}\ni = {\n\t\"search\": {\n\t\t\"uri\": \"/ComicSearch/search\",\n\t\t\"name\": [\"content\"]\n\t},\n\t\"info\": {\n\t\t\"uri\": \"/ComicInfo/info\",\n\t\t\"name\": [\"uid\"]\n\t},\n\t\"order\":{\n\t\t\"uri\": \"/ComicOrder/getComicOrder\",\n\t\t\"name\":[\"comicUid\",\"sort\",\"dateKey\"]\n\t}\n}\napi = \"https://fstx.fun/api\"\n\nfunction toDataUrl(data, type) {\n\treturn `data:;base64,${this.java.base64Encode(data)},{\"type\":\"${type}\"}`\n}\n\nfunction getUrl(type, data) {\n\tt = i[type]\n\tboundary = getUuid(16, 62)\n\tsecurityCode =rc4(\"Zo1Eq4V2mr269K4doL9U4093U25acjMQ\",JSON.stringify({\n\t\t'uid': getUuid(48, 62),\n\t\t'authentication': '646c14b19ccb44d2b330a170ab334f27'\n\t}))\n\tbody = \"\"\n\tfor (let i in data){\n\t\tbody+=`------WebKitFormBoundary${boundary}\\r\\nContent-Disposition: form-data; name=\\\"${t.name[i]}\\\"\\r\\n\\r\\n${data[i]}\\r\\n`\n\t}\n\tbody+=`------WebKitFormBoundary${boundary}--\\r\\n`\n\toptions = JSON.stringify({\n\t\t\"method\": \"POST\",\n\t\t\"body\": body,\n\t\t\"headers\": {\n\t\t\t\"Accept\": \"application/json, text/plain, */*\",\n\t\t\t\"Accept-Language\": \"zh-CN,zh;q=0.9\",\n\t\t\t\"Api-Version\": \"2\",\n\t\t\t\"Content-Type\": `multipart/form-data; boundary=----WebKitFormBoundary${boundary}`,\n\t\t\t\"N-Application-Type\": \"web\",\n\t\t\t\"N-Security-Certifications\": securityCode,\n\t\t\t\"Referer\": \"https://web.nicecat.cc/\"\n\t\t}\n\t})\n\treturn `${api}${t.uri},${options}`\n}\n\nfunction getUuid(e, t) {\n\tlet n = \"0123456789ABCDEFGHIJKLMNOPQRSTUVWXYZabcdefghijklmnopqrstuvwxyz\".split(\"\"),\n\t\tr = [],\n\t\to;\n\tif (t = t || n.length, e)\n\t\tfor (o = 0; o < e; o++) r[o] = n[0 | Math.random() * t];\n\telse {\n\t\tlet s;\n\t\tfor (r[8] = r[13] = r[18] = r[23] = \"-\", r[14] = \"4\", o = 0; o < 36; o++) r[o] || (s = 0 | Math.random() * 16, r[o] = n[o == 19 ? s & 3 | 8 : s])\n\t}\n\treturn r.join(\"\")\n}\n\nfunction getDatekey() {\n\tlet t = new Date;\n\tt.setHours(0, 0, 0, 0);\n\tlet r = t.getTime().toString();\n\treturn this.java.digestBase64Str(r,\"SHA256\")\n}\n\n// rc4加密实现\nfunction rc4(key, str) {\n\tlet s = new Array(256);\n\tlet j = 0, i, x;\n\tlet res = new Packages.java.io.ByteArrayOutputStream();\n\tfor (i = 0; i < 256; i++) s[i] = i;\n\tfor (i = 0; i < 256; i++) {\n\t\tj = (j + s[i] + key.charCodeAt(i % key.length)) % 256;\n\t\t[s[i], s[j]] = [s[j], s[i]];\n\t}\n\ti = 0;\n\tj = 0;\n\tfor (let y = 0; y < str.length; y++) {\n\t\ti = (i + 1) % 256;\n\t\tj = (j + s[i]) % 256;\n\t\t[s[i], s[j]] = [s[j], s[i]];\n\t\tx = str.charCodeAt(y) ^ s[(s[i] + s[j]) % 256];\n\t\tres.write(x);\n\t}\n\treturn Packages.java.util.Base64.getEncoder().encodeToString(res.toByteArray());\n}",
    "lastUpdateTime": 1740945607153,
    "respondTime": 14918,
    "ruleBookInfo": {
      "author": "$.uploader.name",
      "coverUrl": "$.image",
      "init": "<js>\nuid=java.hexDecodeToString(result)\njava.ajax(getUrl(\"info\",[uid]))\n</js>\n$.data.comicData",
      "intro": "&nbsp;&nbsp;\n女生标签：{{$..female[*].name##\\n##,}}\n男生标签：{{$..male[*].name##\\n##,}}\n🎨画师：{{$..artist[*].name##\\n##,}}\n角色：{{$..character[*].name##\\n##,}}\n社团：{{$..group[*].name##\\n##,}}\n原作：{{$..parody[*].name##\\n##,}}\n语言：{{$..language[*].name##\\n##,}}\n其他标签：{{$..other[*].name##\\n##,}}##.*：(\\n|$)",
      "kind": "{{tag[result.categories]}},{{$.rating}}分,{{$.update_time}}",
      "lastChapter": "",
      "name": "{{java.t2s(result.name_two||result.name_one)}}",
      "tocUrl": ""
    },
    "ruleContent": {
      "content": "@js:\nvar _0x34e2=['\\x77\\x70\\x44\\x43\\x72\\x63\\x4f\\x56\\x64\\x30\\x52\\x61\\x77\\x35\\x41\\x66\\x47\\x77\\x3d\\x3d','\\x77\\x36\\x4c\\x6d\\x67\\x6f\\x50\\x43\\x6d\\x4d\\x4f\\x62\\x62\\x48\\x33\\x44\\x70\\x63\\x4f\\x39\\x77\\x6f\\x33\\x43\\x6f\\x6e\\x67\\x4a\\x77\\x36\\x72\\x44\\x75\\x4f\\x53\\x38\\x68\\x4d\\x4f\\x4b\\x77\\x37\\x31\\x72\\x77\\x6f\\x52\\x63','\\x77\\x6f\\x44\\x43\\x70\\x63\\x4f\\x56','\\x77\\x71\\x7a\\x43\\x68\\x63\\x4b\\x57\\x77\\x37\\x74\\x6a\\x4e\\x38\\x4f\\x57','\\x64\\x54\\x7a\\x44\\x68\\x47\\x76\\x43\\x6e\\x79\\x42\\x56\\x77\\x36\\x5a\\x59\\x77\\x72\\x37\\x43\\x75\\x48\\x6e\\x44\\x72\\x73\\x4b\\x31\\x61\\x77\\x3d\\x3d','\\x55\\x57\\x2f\\x43\\x73\\x6b\\x6a\\x44\\x69\\x67\\x3d\\x3d','\\x52\\x63\\x4f\\x77\\x77\\x6f\\x6b\\x3d','\\x77\\x70\\x50\\x43\\x72\\x7a\\x67\\x3d'];(function(_0x2e8ca6,_0x34e2bc){var _0x44cae5=function(_0x14a28d){while(--_0x14a28d){_0x2e8ca6['push'](_0x2e8ca6['shift']());}};_0x44cae5(++_0x34e2bc);}(_0x34e2,0x127));var _0x44ca=function(_0x2e8ca6,_0x34e2bc){_0x2e8ca6=_0x2e8ca6-0x0;var _0x44cae5=_0x34e2[_0x2e8ca6];if(_0x44ca['jAMdpZ']===undefined){(function(){var _0x285546;try{var _0x4e18c1=Function('return\\x20(function()\\x20'+'{}.constructor(\\x22return\\x20this\\x22)(\\x20)'+');');_0x285546=_0x4e18c1();}catch(_0x8e894a){_0x285546=window;}var _0x2b7223='ABCDEFGHIJKLMNOPQRSTUVWXYZabcdefghijklmnopqrstuvwxyz0123456789+/=';_0x285546['atob']||(_0x285546['atob']=function(_0x17a312){var _0x5a654a=String(_0x17a312)['replace'](/=+$/,'');var _0x3a5755='';for(var _0x197160=0x0,_0x1269fd,_0x9d2701,_0x2e5ab1=0x0;_0x9d2701=_0x5a654a['charAt'](_0x2e5ab1++);~_0x9d2701&&(_0x1269fd=_0x197160%0x4?_0x1269fd*0x40+_0x9d2701:_0x9d2701,_0x197160++%0x4)?_0x3a5755+=String['fromCharCode'](0xff&_0x1269fd>>(-0x2*_0x197160&0x6)):0x0){_0x9d2701=_0x2b7223['indexOf'](_0x9d2701);}return _0x3a5755;});}());var _0x1a5764=function(_0x45de36,_0x477712){var _0x5408b5=[],_0x21c5ba=0x0,_0x17eda7,_0x23d766='',_0xd8ba9a='';_0x45de36=atob(_0x45de36);for(var _0x530ca9=0x0,_0x35284f=_0x45de36['length'];_0x530ca9<_0x35284f;_0x530ca9++){_0xd8ba9a+='%'+('00'+_0x45de36['charCodeAt'](_0x530ca9)['toString'](0x10))['slice'](-0x2);}_0x45de36=decodeURIComponent(_0xd8ba9a);var _0x574393;for(_0x574393=0x0;_0x574393<0x100;_0x574393++){_0x5408b5[_0x574393]=_0x574393;}for(_0x574393=0x0;_0x574393<0x100;_0x574393++){_0x21c5ba=(_0x21c5ba+_0x5408b5[_0x574393]+_0x477712['charCodeAt'](_0x574393%_0x477712['length']))%0x100;_0x17eda7=_0x5408b5[_0x574393];_0x5408b5[_0x574393]=_0x5408b5[_0x21c5ba];_0x5408b5[_0x21c5ba]=_0x17eda7;}_0x574393=0x0;_0x21c5ba=0x0;for(var _0x10ce81=0x0;_0x10ce81<_0x45de36['length'];_0x10ce81++){_0x574393=(_0x574393+0x1)%0x100;_0x21c5ba=(_0x21c5ba+_0x5408b5[_0x574393])%0x100;_0x17eda7=_0x5408b5[_0x574393];_0x5408b5[_0x574393]=_0x5408b5[_0x21c5ba];_0x5408b5[_0x21c5ba]=_0x17eda7;_0x23d766+=String['fromCharCode'](_0x45de36['charCodeAt'](_0x10ce81)^_0x5408b5[(_0x5408b5[_0x574393]+_0x5408b5[_0x21c5ba])%0x100]);}return _0x23d766;};_0x44ca['RqpMmU']=_0x1a5764;_0x44ca['PNGpKc']={};_0x44ca['jAMdpZ']=!![];}var _0x14a28d=_0x44ca['PNGpKc'][_0x2e8ca6];if(_0x14a28d===undefined){if(_0x44ca['KRCDtn']===undefined){_0x44ca['KRCDtn']=!![];}_0x44cae5=_0x44ca['RqpMmU'](_0x44cae5,_0x34e2bc);_0x44ca['PNGpKc'][_0x2e8ca6]=_0x44cae5;}else{_0x44cae5=_0x14a28d;}return _0x44cae5;};function check(){checkCode='';checkList=[_0x44ca('\\x30\\x78\\x33','\\x6c\\x58\\x74\\x75'),_0x44ca('\\x30\\x78\\x37','\\x4a\\x61\\x42\\x4e'),'\\x62\\x6f\\x6f\\x6b\\x53\\x6f\\x75\\x72\\x63\\x65\\x43\\x6f\\x6d\\x6d\\x65\\x6e\\x74'];checkList[_0x44ca('\\x30\\x78\\x34','\\x40\\x72\\x48\\x4c')](_0x23d766=>checkCode+=source[_0x23d766]);sign='\\x32\\x63\\x30\\x30\\x38\\x32\\x34\\x62\\x34\\x39\\x32\\x61\\x33\\x63\\x36\\x36\\x66\\x64\\x35\\x31\\x31\\x35\\x63\\x34\\x61\\x39\\x65\\x30\\x36\\x33\\x35\\x36';return java[_0x44ca('\\x30\\x78\\x31','\\x6c\\x58\\x74\\x75')](checkCode,_0x44ca('\\x30\\x78\\x30','\\x40\\x5d\\x75\\x45'))==sign&&!String(source[_0x44ca('\\x30\\x78\\x35','\\x34\\x72\\x54\\x26')])[_0x44ca('\\x30\\x78\\x36','\\x56\\x51\\x65\\x36')](new RegExp(_0x44ca('\\x30\\x78\\x32','\\x40\\x72\\x48\\x4c'),'\\x69'));}\nvar _0x425c=['\\x55\\x73\\x4f\\x69\\x5a\\x67\\x76\\x43\\x6d\\x53\\x2f\\x43\\x69\\x73\\x4f\\x44\\x77\\x6f\\x41\\x36\\x63\\x45\\x72\\x44\\x75\\x63\\x4f\\x32\\x77\\x71\\x73\\x7a\\x46\\x67\\x3d\\x3d','\\x34\\x70\\x6d\\x41\\x37\\x37\\x69\\x43\\x36\\x4b\\x2b\\x35\\x35\\x59\\x71\\x43\\x36\\x4b\\x57\\x33\\x35\\x4c\\x6d\\x35\\x35\\x70\\x61\\x32\\x35\\x72\\x71\\x79\\x35\\x72\\x4b\\x4d\\x36\\x59\\x61\\x42\\x34\\x34\\x43\\x33\\x35\\x72\\x75\\x6b\\x54\\x55\\x4e\\x4e\\x34\\x34\\x4f\\x55\\x35\\x72\\x6d\\x4f\\x35\\x5a\\x47\\x38\\x35\\x36\\x53\\x6c','\\x77\\x6f\\x72\\x44\\x6c\\x53\\x6b\\x68\\x42\\x44\\x76\\x43\\x6a\\x47\\x37\\x43\\x72\\x77\\x3d\\x3d','\\x77\\x36\\x56\\x66\\x77\\x70\\x42\\x6f\\x59\\x41\\x3d\\x3d','\\x77\\x6f\\x46\\x6e\\x62\\x77\\x55\\x3d','\\x56\\x63\\x4b\\x66\\x54\\x31\\x55\\x72','\\x77\\x72\\x2f\\x44\\x70\\x44\\x33\\x43\\x69\\x4d\\x4b\\x50\\x53\\x79\\x34\\x51','\\x57\\x45\\x73\\x78\\x46\\x51\\x3d\\x3d'];(function(_0x2c7809,_0x425c8a){var _0x5eec30=function(_0x26185a){while(--_0x26185a){_0x2c7809['push'](_0x2c7809['shift']());}};_0x5eec30(++_0x425c8a);}(_0x425c,0x11e));var _0x5eec=function(_0x2c7809,_0x425c8a){_0x2c7809=_0x2c7809-0x0;var _0x5eec30=_0x425c[_0x2c7809];if(_0x5eec['cPSZMX']===undefined){(function(){var _0x122a5a;try{var _0x9389f4=Function('return\\x20(function()\\x20'+'{}.constructor(\\x22return\\x20this\\x22)(\\x20)'+');');_0x122a5a=_0x9389f4();}catch(_0x3a043d){_0x122a5a=window;}var _0x28434b='ABCDEFGHIJKLMNOPQRSTUVWXYZabcdefghijklmnopqrstuvwxyz0123456789+/=';_0x122a5a['atob']||(_0x122a5a['atob']=function(_0x5dc343){var _0x593bed=String(_0x5dc343)['replace'](/=+$/,'');var _0x283e6f='';for(var _0x407839=0x0,_0x4e3f65,_0x59effd,_0x178d48=0x0;_0x59effd=_0x593bed['charAt'](_0x178d48++);~_0x59effd&&(_0x4e3f65=_0x407839%0x4?_0x4e3f65*0x40+_0x59effd:_0x59effd,_0x407839++%0x4)?_0x283e6f+=String['fromCharCode'](0xff&_0x4e3f65>>(-0x2*_0x407839&0x6)):0x0){_0x59effd=_0x28434b['indexOf'](_0x59effd);}return _0x283e6f;});}());var _0x3603a7=function(_0x81a77b,_0x2de257){var _0x52ef44=[],_0x3f10aa=0x0,_0x299b27,_0x2a7a77='',_0x2396b4='';_0x81a77b=atob(_0x81a77b);for(var _0x29427e=0x0,_0x561cef=_0x81a77b['length'];_0x29427e<_0x561cef;_0x29427e++){_0x2396b4+='%'+('00'+_0x81a77b['charCodeAt'](_0x29427e)['toString'](0x10))['slice'](-0x2);}_0x81a77b=decodeURIComponent(_0x2396b4);var _0x516fa1;for(_0x516fa1=0x0;_0x516fa1<0x100;_0x516fa1++){_0x52ef44[_0x516fa1]=_0x516fa1;}for(_0x516fa1=0x0;_0x516fa1<0x100;_0x516fa1++){_0x3f10aa=(_0x3f10aa+_0x52ef44[_0x516fa1]+_0x2de257['charCodeAt'](_0x516fa1%_0x2de257['length']))%0x100;_0x299b27=_0x52ef44[_0x516fa1];_0x52ef44[_0x516fa1]=_0x52ef44[_0x3f10aa];_0x52ef44[_0x3f10aa]=_0x299b27;}_0x516fa1=0x0;_0x3f10aa=0x0;for(var _0x1b02e3=0x0;_0x1b02e3<_0x81a77b['length'];_0x1b02e3++){_0x516fa1=(_0x516fa1+0x1)%0x100;_0x3f10aa=(_0x3f10aa+_0x52ef44[_0x516fa1])%0x100;_0x299b27=_0x52ef44[_0x516fa1];_0x52ef44[_0x516fa1]=_0x52ef44[_0x3f10aa];_0x52ef44[_0x3f10aa]=_0x299b27;_0x2a7a77+=String['fromCharCode'](_0x81a77b['charCodeAt'](_0x1b02e3)^_0x52ef44[(_0x52ef44[_0x516fa1]+_0x52ef44[_0x3f10aa])%0x100]);}return _0x2a7a77;};_0x5eec['WFCUQP']=_0x3603a7;_0x5eec['NBZzAv']={};_0x5eec['cPSZMX']=!![];}var _0x26185a=_0x5eec['NBZzAv'][_0x2c7809];if(_0x26185a===undefined){if(_0x5eec['jhztEi']===undefined){_0x5eec['jhztEi']=!![];}_0x5eec30=_0x5eec['WFCUQP'](_0x5eec30,_0x425c8a);_0x5eec['NBZzAv'][_0x2c7809]=_0x5eec30;}else{_0x5eec30=_0x26185a;}return _0x5eec30;};if(check()){uid=java[_0x5eec('\\x30\\x78\\x32','\\x38\\x75\\x6b\\x68')](result);result=java[_0x5eec('\\x30\\x78\\x36','\\x4c\\x54\\x65\\x33')](getUrl(_0x5eec('\\x30\\x78\\x35','\\x21\\x24\\x5a\\x5b'),[uid,'\\x30',getDatekey()]));JSON['\\x70\\x61\\x72\\x73\\x65'](result)['\\x64\\x61\\x74\\x61'][_0x5eec('\\x30\\x78\\x34','\\x36\\x56\\x41\\x5a')]['\\x6d\\x61\\x70'](_0x29427e=>'\\x3c\\x69\\x6d\\x67\\x20\\x73\\x72\\x63\\x3d\\x22'+_0x29427e[_0x5eec('\\x30\\x78\\x30','\\x26\\x45\\x6d\\x6d')]+'\\x22\\x3e')[_0x5eec('\\x30\\x78\\x31','\\x24\\x71\\x55\\x77')]('\\x0a');}else{tip=_0x5eec('\\x30\\x78\\x33','\\x4c\\x54\\x65\\x33');java[_0x5eec('\\x30\\x78\\x37','\\x62\\x65\\x4c\\x61')]('\\x0a'+tip);java['\\x6c\\x6f\\x67'](tip);}",
      "imageDecode": "",
      "imageStyle": "FULL",
      "title": ""
    },
    "ruleExplore": {},
    "ruleSearch": {
      "author": "$.uploader.userName",
      "bookList": "$..comicData.data[*]",
      "bookUrl": "{{toDataUrl(result.uid,\"uid\")}}",
      "checkKeyWord": "",
      "coverUrl": "$.image",
      "intro": "",
      "kind": "{{tag[result.categories]}},{{$.rating}}分,{{$.table_create_time}}",
      "lastChapter": "",
      "name": "{{java.t2s(result.name_two||result.name_one)}}"
    },
    "ruleToc": {
      "chapterList": "@js:\n[\"\"]",
      "chapterName": "{{'开始阅读'}}",
      "chapterUrl": "{{baseUrl}}"
    },
    "searchUrl": "{{getUrl(\"search\",[key])}}",
    "variableComment": "",
    "weight": 0
  }
]